City_ID,City,Lat,Lng,Max Temp,Humidity,Cloudiness,Wind Speed,Country,Date,Current Description
0,Ambovombe,-25.1667,46.0833,76.77,63,2,9.13,MG,2022-01-31 04:50:25,clear sky
1,Basco,20.4487,121.9702,70.59,72,99,27.58,PH,2022-01-31 04:50:26,overcast clouds
2,Carnarvon,-24.8667,113.6333,87.87,58,23,24.16,AU,2022-01-31 04:48:45,few clouds
3,Arman,59.7,150.1667,7.59,78,100,16.89,RU,2022-01-31 04:50:26,overcast clouds
4,Mataura,-46.1927,168.8643,73.87,57,92,4.94,NZ,2022-01-31 04:46:42,overcast clouds
5,Rikitea,-23.1203,-134.9692,77.38,64,100,5.79,PF,2022-01-31 04:46:46,overcast clouds
6,Punta Arenas,-53.15,-70.9167,48.31,71,40,19.57,CL,2022-01-31 04:42:43,scattered clouds
7,Chuy,-33.6971,-53.4616,68.32,89,0,8.57,UY,2022-01-31 04:46:47,clear sky
8,Castro,-24.7911,-50.0119,62.53,99,100,5.82,BR,2022-01-31 04:50:27,overcast clouds
9,La Orilla,17.9833,-102.2333,72.66,75,0,4.54,MX,2022-01-31 04:50:27,clear sky
10,Magadi,12.9667,77.2333,77.16,52,0,5.1,IN,2022-01-31 04:50:28,clear sky
11,Severo-Kurilsk,50.6789,156.125,29.23,82,98,11.16,RU,2022-01-31 04:50:28,light snow
12,Geraldton,-28.7667,114.6,84.61,48,0,21.85,AU,2022-01-31 04:50:28,clear sky
13,Jardim,-21.4803,-56.1381,72.57,97,0,6.64,BR,2022-01-31 04:50:29,clear sky
14,Salinopolis,-0.6136,-47.3561,75.72,91,100,7.2,BR,2022-01-31 04:50:29,light rain
15,Katsuura,35.1333,140.3,48.31,33,90,9.13,JP,2022-01-31 04:46:49,overcast clouds
16,Albany,42.6001,-73.9662,9.91,65,23,2.86,US,2022-01-31 04:50:29,few clouds
17,Tasiilaq,65.6145,-37.6368,4.23,60,100,6.15,GL,2022-01-31 04:50:30,light snow
18,Vaini,-21.2,-175.2,81.45,70,100,15.82,TO,2022-01-31 04:45:54,overcast clouds
19,Butaritari,3.0707,172.7902,81.93,76,51,19.06,KI,2022-01-31 04:46:57,light rain
20,Leningradskiy,69.3833,178.4167,-15.25,93,89,4.88,RU,2022-01-31 04:50:30,overcast clouds
21,Vestmannaeyjar,63.4427,-20.2734,33.4,60,100,27.0,IS,2022-01-31 04:50:31,overcast clouds
22,Constitucion,-35.3333,-72.4167,58.23,70,0,9.89,CL,2022-01-31 04:45:56,clear sky
23,Cururupu,-1.8283,-44.8683,74.21,86,100,4.03,BR,2022-01-31 04:50:31,overcast clouds
24,Cape Town,-33.9258,18.4232,70.21,79,0,1.01,ZA,2022-01-31 04:50:31,clear sky
25,Mercedes,-34.6515,-59.4307,74.86,54,37,6.82,AR,2022-01-31 04:50:32,scattered clouds
26,Nemuro,43.3236,145.575,19.83,46,25,15.95,JP,2022-01-31 04:50:32,scattered clouds
27,Kahului,20.8947,-156.47,78.06,65,0,12.66,US,2022-01-31 04:50:32,clear sky
28,Havre,49.5833,0.3333,46.83,81,20,20.71,FR,2022-01-31 04:50:33,few clouds
29,Flinders,-34.5833,150.8552,86.2,71,30,8.19,AU,2022-01-31 04:50:33,light rain
30,Kodiak,57.79,-152.4072,20.71,79,0,5.75,US,2022-01-31 04:46:53,clear sky
31,Sao Filipe,14.8961,-24.4956,71.6,73,100,5.59,CV,2022-01-31 04:50:33,overcast clouds
32,San Lawrenz,36.0553,14.204,55.85,85,68,3.0,MT,2022-01-31 04:50:34,broken clouds
33,Kavaratti,10.5669,72.642,81.54,73,1,9.1,IN,2022-01-31 04:50:34,clear sky
34,Kedrovyy,56.1667,91.8167,-1.79,81,37,3.24,RU,2022-01-31 04:50:34,scattered clouds
35,Bredasdorp,-34.5322,20.0403,72.28,83,100,8.05,ZA,2022-01-31 04:50:35,overcast clouds
36,New Norfolk,-42.7826,147.0587,86.9,30,0,3.0,AU,2022-01-31 04:46:41,clear sky
37,Manavalakurichi,8.1333,77.3,86.09,60,6,4.63,IN,2022-01-31 04:50:35,clear sky
38,Tapes,-30.6733,-51.3958,70.07,81,8,10.51,BR,2022-01-31 04:50:36,clear sky
39,Upernavik,72.7868,-56.1549,-10.71,97,100,5.88,GL,2022-01-31 04:50:36,overcast clouds
40,Port Elizabeth,-33.918,25.5701,69.1,94,40,5.75,ZA,2022-01-31 04:50:36,mist
41,Souillac,-20.5167,57.5167,85.35,89,75,12.66,MU,2022-01-31 04:50:37,light rain
42,Englehart,47.8169,-79.8664,-1.64,78,100,4.61,CA,2022-01-31 04:50:07,overcast clouds
43,Mahebourg,-20.4081,57.7,85.24,89,75,12.66,MU,2022-01-31 04:50:37,broken clouds
44,Mar Del Plata,-38.0023,-57.5575,63.88,64,100,18.01,AR,2022-01-31 04:49:11,overcast clouds
45,Saint-Philippe,-21.3585,55.7679,84.11,83,83,12.86,RE,2022-01-31 04:50:38,light rain
46,Arandis,-22.4167,14.9667,60.46,78,94,5.99,NA,2022-01-31 04:50:38,overcast clouds
47,Atuona,-9.8,-139.0333,78.26,75,10,15.59,PF,2022-01-31 04:50:38,clear sky
48,Karratha,-20.7377,116.8463,94.91,47,72,21.97,AU,2022-01-31 04:51:39,broken clouds
49,Sur,22.5667,59.5289,74.71,54,0,1.5,OM,2022-01-31 04:51:39,clear sky
50,Hobart,-42.8794,147.3294,87.26,55,20,1.99,AU,2022-01-31 04:47:52,few clouds
51,Avarua,-21.2078,-159.775,77.05,83,20,6.91,CK,2022-01-31 04:50:14,drizzle
52,Aitape,-3.1374,142.3475,79.43,82,100,13.91,PG,2022-01-31 04:51:40,moderate rain
53,Maba,24.6841,113.5984,45.72,70,100,4.7,CN,2022-01-31 04:51:40,light rain
54,Taksimo,56.3444,114.8794,-6.07,90,92,1.14,RU,2022-01-31 04:51:41,overcast clouds
55,Dikson,73.5069,80.5464,-4.04,94,100,22.44,RU,2022-01-31 04:51:41,overcast clouds
56,Fortuna,40.5982,-124.1573,50.67,92,100,0.0,US,2022-01-31 04:51:41,overcast clouds
57,Port Alfred,-33.5906,26.891,74.32,84,100,11.79,ZA,2022-01-31 04:46:53,overcast clouds
58,Nikolskoye,59.7035,30.7861,26.49,96,100,5.06,RU,2022-01-31 04:51:42,light snow
59,Thompson,55.7435,-97.8558,-3.84,77,20,2.3,CA,2022-01-31 04:47:40,few clouds
60,Nacala,-14.5428,40.6728,77.77,81,8,4.7,MZ,2022-01-31 04:51:42,clear sky
61,Phangnga,8.4509,98.5298,92.82,49,14,5.19,TH,2022-01-31 04:51:43,few clouds
62,Novyy Urengoy,66.0833,76.6333,-4.56,99,99,7.65,RU,2022-01-31 04:51:43,overcast clouds
63,Samarai,-10.6167,150.6667,83.55,72,100,20.98,PG,2022-01-31 04:51:44,overcast clouds
64,Imbituba,-28.24,-48.6703,73.81,81,52,6.6,BR,2022-01-31 04:51:44,broken clouds
65,Torbay,47.6666,-52.7314,35.58,83,100,24.16,CA,2022-01-31 04:51:44,overcast clouds
66,Plettenberg Bay,-34.0527,23.3716,70.7,82,89,1.59,ZA,2022-01-31 04:51:44,overcast clouds
67,Tukrah,32.5341,20.5791,55.49,67,81,17.49,LY,2022-01-31 04:51:45,broken clouds
68,Sasovo,54.3537,41.9199,25.48,96,100,12.06,RU,2022-01-31 04:51:45,light snow
69,Busselton,-33.65,115.3333,78.08,30,97,16.64,AU,2022-01-31 04:44:32,overcast clouds
70,Atar,20.5169,-13.0499,75.43,13,100,8.63,MR,2022-01-31 04:51:46,overcast clouds
71,Matara,5.9485,80.5353,86.04,64,14,4.09,LK,2022-01-31 04:49:27,few clouds
72,High Level,58.5169,-117.136,-3.89,84,100,21.85,CA,2022-01-31 04:51:46,light snow
73,Tikapur,28.5,81.1333,64.96,51,0,4.99,NP,2022-01-31 04:51:46,clear sky
74,Tessalit,20.1986,1.0114,63.1,17,3,7.92,ML,2022-01-31 04:51:47,clear sky
75,Vardo,70.3705,31.1107,21.4,70,58,17.72,NO,2022-01-31 04:51:47,broken clouds
76,Lorengau,-2.0226,147.2712,81.57,82,100,16.33,PG,2022-01-31 04:50:04,overcast clouds
77,Mosetse,-20.75,26.65,66.99,80,100,12.5,BW,2022-01-31 04:51:48,overcast clouds
78,Chokurdakh,70.6333,147.9167,-28.1,99,55,1.36,RU,2022-01-31 04:51:48,broken clouds
79,Bilma,18.6853,12.9164,50.11,22,1,14.58,NE,2022-01-31 04:51:48,clear sky
80,Tiksi,71.6872,128.8694,-15.36,99,100,3.87,RU,2022-01-31 04:51:48,overcast clouds
81,Sarosd,47.0427,18.6436,39.52,68,41,11.81,HU,2022-01-31 04:51:49,scattered clouds
82,Acapulco,16.8634,-99.8901,76.42,76,5,4.59,MX,2022-01-31 04:49:12,clear sky
83,Hovd,48.0056,91.6419,-7.11,84,24,3.33,MN,2022-01-31 04:51:49,few clouds
84,Dunedin,-45.8742,170.5036,65.79,76,33,10.94,NZ,2022-01-31 04:51:50,scattered clouds
85,Yellowknife,62.456,-114.3525,-10.44,83,75,10.36,CA,2022-01-31 04:51:50,light snow
86,Campbell River,50.0163,-125.2446,36.93,87,40,10.36,CA,2022-01-31 04:50:05,scattered clouds
87,Poum,-20.2333,164.0167,80.46,74,90,13.11,NC,2022-01-31 04:51:50,overcast clouds
88,Pinega,64.7001,43.3936,10.0,96,100,3.98,RU,2022-01-31 04:51:51,light snow
89,Aykhal,66.0,111.5,-18.54,99,54,4.47,RU,2022-01-31 04:47:19,broken clouds
90,Ribeira Grande,38.5167,-28.7,59.5,72,40,23.22,PT,2022-01-31 04:52:51,scattered clouds
91,Saskylakh,71.9167,114.0833,-24.77,100,94,2.89,RU,2022-01-31 04:52:52,overcast clouds
92,Hasaki,35.7333,140.8333,50.29,28,29,6.31,JP,2022-01-31 04:52:52,scattered clouds
93,Tucupita,9.0622,-62.051,68.27,98,78,2.86,VE,2022-01-31 04:52:52,broken clouds
94,Grand Gaube,-20.0064,57.6608,85.37,67,77,11.01,MU,2022-01-31 04:52:53,broken clouds
95,Pevek,69.7008,170.3133,-18.56,99,94,2.71,RU,2022-01-31 04:52:53,overcast clouds
96,Clyde River,70.4692,-68.5914,-32.57,75,0,3.44,CA,2022-01-31 04:46:45,clear sky
97,Grindavik,63.8424,-22.4338,28.87,74,75,16.11,IS,2022-01-31 04:52:54,broken clouds
98,Oktyabrskoye,43.0645,44.7417,23.14,100,6,2.24,RU,2022-01-31 04:52:54,fog
99,Juba,4.8517,31.5825,74.79,28,81,3.38,SS,2022-01-31 04:52:54,broken clouds
100,Ushuaia,-54.8,-68.3,44.26,70,40,8.05,AR,2022-01-31 04:44:36,scattered clouds
101,Bairiki,1.3292,172.9752,84.2,79,40,10.36,KI,2022-01-31 04:52:55,light rain
102,Hermanus,-34.4187,19.2345,72.81,79,100,12.5,ZA,2022-01-31 04:52:55,overcast clouds
103,Dingle,10.9995,122.6711,84.74,68,39,10.22,PH,2022-01-31 04:52:56,scattered clouds
104,Kyabram,-36.3167,145.05,95.88,21,0,5.77,AU,2022-01-31 04:52:56,clear sky
105,Jamestown,42.097,-79.2353,11.71,92,0,3.44,US,2022-01-31 04:46:54,clear sky
106,West Plains,36.7281,-91.8524,34.32,63,0,0.0,US,2022-01-31 04:52:56,clear sky
107,Qaanaaq,77.484,-69.3632,-7.46,93,100,4.41,GL,2022-01-31 04:52:57,overcast clouds
108,Bahia Blanca,-38.7196,-62.2724,60.21,48,4,1.57,AR,2022-01-31 04:52:57,clear sky
109,Haines Junction,60.7522,-137.5108,-0.45,65,59,2.3,CA,2022-01-31 04:52:57,broken clouds
110,Barrow,71.2906,-156.7887,-5.78,77,20,11.5,US,2022-01-31 04:45:02,few clouds
111,Bambous Virieux,-20.3428,57.7575,85.21,89,75,12.66,MU,2022-01-31 04:52:58,light rain
112,Kamenka,51.3223,42.7678,32.76,97,100,18.57,RU,2022-01-31 04:52:58,light snow
113,Asau,46.4333,26.4,36.52,72,38,17.45,RO,2022-01-31 04:52:58,scattered clouds
114,Xingyi,24.1877,102.817,51.3,75,56,7.54,CN,2022-01-31 04:52:59,broken clouds
115,Basti,26.8,82.7167,64.56,58,0,5.17,IN,2022-01-31 04:52:59,clear sky
116,Wuxi,31.5689,120.2886,49.98,44,89,5.79,CN,2022-01-31 04:50:32,overcast clouds
117,Sawtell,-30.3833,153.1,86.32,75,40,10.36,AU,2022-01-31 04:52:59,scattered clouds
118,Richards Bay,-28.783,32.0377,74.19,82,96,7.58,ZA,2022-01-31 04:53:00,overcast clouds
119,Esperance,-33.8667,121.9,73.24,71,77,22.12,AU,2022-01-31 04:53:00,broken clouds
120,Mantua,45.1667,10.7833,38.82,82,43,4.68,IT,2022-01-31 04:53:00,scattered clouds
121,Songjianghe,42.1859,127.479,21.49,49,4,4.63,CN,2022-01-31 04:53:01,clear sky
122,Ponta Do Sol,32.6667,-17.1,65.12,38,0,10.16,PT,2022-01-31 04:46:55,clear sky
123,Port Augusta,-32.5,137.7667,93.34,32,92,1.48,AU,2022-01-31 04:53:01,overcast clouds
124,Fairbanks,64.8378,-147.7164,-17.39,71,0,0.0,US,2022-01-31 04:53:02,clear sky
125,Westport,41.1415,-73.3579,23.76,68,79,1.99,US,2022-01-31 04:53:02,broken clouds
126,Los Llanos De Aridane,28.6585,-17.9182,56.95,67,0,8.05,ES,2022-01-31 04:53:02,clear sky
127,Arraial Do Cabo,-22.9661,-42.0278,74.59,96,100,7.76,BR,2022-01-31 04:53:03,moderate rain
128,Komsomolskiy,40.4272,71.7189,30.92,93,100,4.61,UZ,2022-01-31 04:53:03,fog
129,Saint George,37.1041,-113.5841,45.54,35,0,1.99,US,2022-01-31 04:46:02,clear sky
130,Norman Wells,65.282,-126.8329,-21.96,69,75,2.3,CA,2022-01-31 04:53:04,light snow
131,Tautira,-17.7333,-149.15,82.42,77,89,15.35,PF,2022-01-31 04:53:04,overcast clouds
132,Touros,-5.1989,-35.4608,79.7,83,10,11.12,BR,2022-01-31 04:53:04,clear sky
133,Severo-Yeniseyskiy,60.3725,93.0408,6.57,90,99,2.53,RU,2022-01-31 04:53:05,overcast clouds
134,Khatanga,71.9667,102.5,-6.12,99,98,7.14,RU,2022-01-31 04:53:05,overcast clouds
135,Faanui,-16.4833,-151.75,80.78,71,3,9.13,PF,2022-01-31 04:53:05,clear sky
136,Mount Gambier,-37.8333,140.7667,89.51,20,2,17.27,AU,2022-01-31 04:54:06,clear sky
137,Bundaberg,-24.85,152.35,89.22,56,100,5.99,AU,2022-01-31 04:54:06,overcast clouds
138,Oloron-Sainte-Marie,43.1944,-0.6107,43.34,93,78,1.83,FR,2022-01-31 04:54:06,broken clouds
139,Turukhansk,65.8167,87.9833,0.43,93,99,12.33,RU,2022-01-31 04:54:07,overcast clouds
140,Angoche,-16.2325,39.9086,78.04,81,1,4.97,MZ,2022-01-31 04:52:34,clear sky
141,Oakdale,44.963,-92.9649,14.43,87,75,4.61,US,2022-01-31 04:54:07,broken clouds
142,Port Macquarie,-31.4333,152.9167,82.36,71,27,8.81,AU,2022-01-31 04:54:08,scattered clouds
143,Lata,40.1629,-8.3327,37.81,52,22,3.65,PT,2022-01-31 04:52:26,few clouds
144,Victoria,22.2855,114.1577,59.32,73,96,1.99,HK,2022-01-31 04:45:50,overcast clouds
145,Vestmanna,62.1564,-7.1664,31.12,64,75,25.32,FO,2022-01-31 04:54:08,light snow
146,Kapaa,22.0752,-159.319,73.11,74,13,4.38,US,2022-01-31 04:54:08,few clouds
147,Coari,-4.085,-63.1414,72.3,98,100,2.51,BR,2022-01-31 04:54:09,overcast clouds
148,Koidu,8.4167,-10.8333,62.94,56,1,1.07,SL,2022-01-31 04:54:09,clear sky
149,Airai,-8.9266,125.4092,70.74,67,92,7.83,TL,2022-01-31 04:54:09,overcast clouds
150,Margate,51.3813,1.3862,44.74,70,55,11.01,GB,2022-01-31 04:54:10,broken clouds
151,Preobrazheniye,42.9019,133.9064,21.51,40,3,7.52,RU,2022-01-31 04:54:10,clear sky
152,Praia Da Vitoria,38.7333,-27.0667,59.25,82,75,24.25,PT,2022-01-31 04:54:10,broken clouds
153,Seminole,28.7086,-81.2081,43.27,73,0,4.76,US,2022-01-31 04:54:11,clear sky
154,Cabo San Lucas,22.8909,-109.9124,70.52,76,87,1.45,MX,2022-01-31 04:50:58,overcast clouds
155,Bastrop,32.7562,-91.8724,42.42,65,3,5.48,US,2022-01-31 04:54:11,clear sky
156,Lebu,-37.6167,-73.65,55.8,75,0,20.02,CL,2022-01-31 04:54:12,clear sky
157,Bambanglipuro,-7.95,110.2833,78.6,68,82,9.24,ID,2022-01-31 04:54:12,broken clouds
158,Paamiut,61.994,-49.6678,27.03,97,100,4.18,GL,2022-01-31 04:54:12,snow
159,Sinnamary,5.3833,-52.95,75.83,88,81,10.36,GF,2022-01-31 04:49:55,broken clouds
160,Talnakh,69.4865,88.3972,-14.15,92,88,9.44,RU,2022-01-31 04:54:13,overcast clouds
161,Havoysund,70.9963,24.6622,30.43,76,100,16.87,NO,2022-01-31 04:54:13,light snow
162,Kitimat,54.0524,-128.6534,35.98,98,100,1.79,CA,2022-01-31 04:54:14,overcast clouds
163,Vao,-22.6667,167.4833,79.63,79,65,3.8,NC,2022-01-31 04:54:14,light rain
164,Vila Velha,-20.3297,-40.2925,78.75,92,20,2.3,BR,2022-01-31 04:54:14,few clouds
165,Hithadhoo,-0.6,73.0833,82.47,70,6,10.71,MV,2022-01-31 04:54:15,clear sky
166,Bougouni,11.417,-7.479,70.21,17,15,5.93,ML,2022-01-31 04:54:15,few clouds
167,Ostrovnoy,68.0531,39.5131,6.12,95,85,8.95,RU,2022-01-31 04:54:16,overcast clouds
168,Kavieng,-2.5744,150.7967,83.59,69,93,2.35,PG,2022-01-31 04:54:16,light rain
169,Tocopilla,-22.092,-70.1979,66.36,72,17,0.43,CL,2022-01-31 04:54:16,few clouds
170,Yumen,40.2833,97.2,21.49,28,100,11.01,CN,2022-01-31 04:54:17,overcast clouds
171,Te Anau,-45.4167,167.7167,72.16,68,98,2.95,NZ,2022-01-31 04:50:08,overcast clouds
172,Bose,45.4612,8.0137,45.82,68,8,2.51,IT,2022-01-31 04:54:17,clear sky
173,Flin Flon,54.7682,-101.865,4.12,97,94,4.97,CA,2022-01-31 04:54:17,overcast clouds
174,Ucluelet,48.9329,-125.5528,43.09,82,57,8.99,CA,2022-01-31 04:52:25,broken clouds
175,San Carlos De Bariloche,-41.1456,-71.3082,47.95,46,0,14.97,AR,2022-01-31 04:53:34,clear sky
176,Agua Branca,-5.8922,-42.6361,71.01,89,45,2.28,BR,2022-01-31 04:54:18,scattered clouds
177,Puerto Ayora,-0.7393,-90.3518,73.04,84,100,5.59,EC,2022-01-31 04:54:18,overcast clouds
178,Marzuq,14.4,46.4667,65.77,53,58,2.57,YE,2022-01-31 04:54:19,broken clouds
179,Daru,-9.0763,143.2092,85.33,68,87,3.6,PG,2022-01-31 04:54:19,moderate rain
180,Umm Lajj,25.0213,37.2685,62.71,57,100,5.55,SA,2022-01-31 04:54:19,overcast clouds
181,Caravelas,-17.7125,-39.2481,77.36,87,64,8.66,BR,2022-01-31 04:54:20,broken clouds
182,Hofn,64.2539,-15.2082,24.22,47,99,12.08,IS,2022-01-31 04:54:20,overcast clouds
183,Bluff,-46.6,168.3333,63.14,84,96,3.38,NZ,2022-01-31 04:55:20,overcast clouds
184,Nanortalik,60.1432,-45.2371,22.73,76,99,20.6,GL,2022-01-31 04:55:21,overcast clouds
185,Natchitoches,31.7668,-93.1335,45.45,81,0,0.0,US,2022-01-31 04:55:21,clear sky
186,La Ronge,55.1001,-105.2842,10.65,85,100,5.75,CA,2022-01-31 04:55:22,overcast clouds
187,Port Hedland,-20.3167,118.5667,96.85,52,100,13.8,AU,2022-01-31 04:55:22,overcast clouds
188,Bereda,43.2686,-7.5406,39.58,100,94,6.71,ES,2022-01-31 04:55:22,overcast clouds
189,Coquimbo,-29.9533,-71.3436,62.33,88,0,1.14,CL,2022-01-31 04:55:22,clear sky
190,Turinsk,58.0458,63.696,8.85,95,100,2.57,RU,2022-01-31 04:55:23,overcast clouds
191,Thunder Bay,48.4001,-89.3168,11.55,80,100,4.61,CA,2022-01-31 04:55:23,overcast clouds
192,Anyang,36.0994,114.3289,43.39,14,0,12.35,CN,2022-01-31 04:55:24,clear sky
193,Harper,4.375,-7.7169,77.43,86,38,1.99,LR,2022-01-31 04:55:24,scattered clouds
194,Codrington,-38.2667,141.9667,74.64,68,3,11.74,AU,2022-01-31 04:55:24,clear sky
195,Abu Samrah,35.3029,37.1841,42.15,71,100,2.48,SY,2022-01-31 04:55:25,overcast clouds
196,Rocha,-34.4833,-54.3333,65.28,92,1,8.72,UY,2022-01-31 04:55:25,clear sky
197,Tuktoyaktuk,69.4541,-133.0374,-2.2,84,100,23.02,CA,2022-01-31 04:52:27,light snow
198,Klaksvik,62.2266,-6.589,32.92,62,99,36.69,FO,2022-01-31 04:55:26,overcast clouds
199,Warragul,-38.1667,145.9333,93.7,52,27,1.99,AU,2022-01-31 04:53:17,scattered clouds
200,Hilo,19.7297,-155.09,73.13,76,0,3.44,US,2022-01-31 04:42:31,clear sky
201,Georgetown,5.4112,100.3354,91.33,66,20,4.61,MY,2022-01-31 04:46:51,few clouds
202,Bandarbeyla,9.4942,50.8122,76.96,76,85,17.18,SO,2022-01-31 04:55:26,overcast clouds
203,Alofi,-19.0595,-169.9187,75.07,83,100,11.54,NU,2022-01-31 04:55:27,overcast clouds
204,Bantacan,7.604,126.1298,86.49,64,96,5.93,PH,2022-01-31 04:55:27,overcast clouds
205,Port Hardy,50.6996,-127.4199,40.75,87,75,8.05,CA,2022-01-31 04:55:27,broken clouds
206,Antalaha,-14.9003,50.2788,80.92,68,62,8.12,MG,2022-01-31 04:55:28,broken clouds
207,Mumford,5.2618,-0.759,76.53,76,99,0.25,GH,2022-01-31 04:55:28,overcast clouds
208,High Prairie,55.4334,-116.4858,13.3,94,100,13.2,CA,2022-01-31 04:55:28,snow
209,Powell,40.1578,-83.0752,19.9,82,0,4.61,US,2022-01-31 04:55:29,clear sky
210,East London,-33.0153,27.9116,72.54,88,0,9.22,ZA,2022-01-31 04:55:29,clear sky
211,Lere,10.387,8.5726,59.4,18,96,9.93,NG,2022-01-31 04:55:29,overcast clouds
212,Viedma,-40.8135,-62.9967,57.38,44,66,6.4,AR,2022-01-31 04:55:30,broken clouds
213,Mehamn,71.0357,27.8492,30.38,93,75,14.97,NO,2022-01-31 04:55:30,snow
214,Mount Isa,-20.7333,139.5,89.37,55,40,8.05,AU,2022-01-31 04:55:30,scattered clouds
215,Lubyany,56.0378,51.4,19.04,99,92,2.84,RU,2022-01-31 04:55:31,overcast clouds
216,Zapolyarnyy,69.4154,30.8136,2.48,98,76,4.47,RU,2022-01-31 04:55:31,broken clouds
217,Son Tay,21.1378,105.505,55.33,80,100,1.72,VN,2022-01-31 04:55:32,overcast clouds
218,La Baule-Escoublac,47.2922,-2.364,48.87,95,100,13.8,FR,2022-01-31 04:55:32,overcast clouds
219,Libreville,0.3925,9.4537,78.3,84,96,3.96,GA,2022-01-31 04:55:32,light rain
220,Barcelos,41.5388,-8.6151,41.85,56,0,4.41,PT,2022-01-31 04:55:33,clear sky
221,Zabol,32.25,67.25,39.85,59,0,13.06,AF,2022-01-31 04:55:33,clear sky
222,Isangel,-19.55,169.2667,86.11,84,75,4.61,VU,2022-01-31 04:52:47,broken clouds
223,Bengkulu,-3.8004,102.2655,85.32,62,94,4.5,ID,2022-01-31 04:55:33,overcast clouds
224,Karatau,43.1667,70.4667,30.52,80,99,5.17,KZ,2022-01-31 04:55:34,overcast clouds
225,Teacapan,22.55,-105.75,66.97,76,100,4.5,MX,2022-01-31 04:55:34,overcast clouds
226,Tilichiki,60.4667,166.1,12.43,92,100,10.76,RU,2022-01-31 04:55:34,overcast clouds
227,Losinyy,57.1386,61.0666,6.55,98,86,2.86,RU,2022-01-31 04:56:35,overcast clouds
228,Sola,-13.8833,167.55,79.59,80,100,8.88,VU,2022-01-31 04:56:23,overcast clouds
229,Panjab,34.388,67.0233,14.9,97,94,1.07,AF,2022-01-31 04:56:35,overcast clouds
230,Hengshui,37.7322,115.7011,38.21,22,0,7.56,CN,2022-01-31 04:56:35,clear sky
231,Kasongo-Lunda,-6.4667,16.8167,68.11,98,100,0.92,CD,2022-01-31 04:56:36,overcast clouds
232,Lockhart,28.6194,-81.4426,42.98,72,0,5.01,US,2022-01-31 04:56:36,clear sky
233,Antonina,-25.4286,-48.7119,77.63,99,100,1.39,BR,2022-01-31 04:56:37,overcast clouds
234,Konin,52.2234,18.2512,30.02,83,89,14.05,PL,2022-01-31 04:53:53,overcast clouds
235,Mayo,38.8876,-76.5119,29.89,68,100,3.0,US,2022-01-31 04:56:37,overcast clouds
236,Saldanha,-33.0117,17.9442,62.65,79,100,6.02,ZA,2022-01-31 04:56:37,overcast clouds
237,Dzaoudzi,-12.7887,45.2699,82.29,78,0,4.61,YT,2022-01-31 04:56:38,clear sky
238,Luderitz,-26.6481,15.1594,63.27,93,65,6.26,NA,2022-01-31 04:56:38,broken clouds
239,Morondava,-20.2833,44.2833,81.66,70,0,5.75,MG,2022-01-31 04:56:38,clear sky
240,Honningsvag,70.9821,25.9704,29.95,74,20,12.66,NO,2022-01-31 04:56:39,few clouds
241,Moerai,-22.4333,-151.3333,79.3,78,35,12.12,PF,2022-01-31 04:56:39,light rain
242,Mackay,-21.15,149.2,89.69,70,75,12.66,AU,2022-01-31 04:56:39,broken clouds
243,Malakal,9.5334,31.6605,69.55,17,14,8.57,SS,2022-01-31 04:56:40,few clouds
244,Cuiaba,-15.5961,-56.0967,73.33,94,75,5.75,BR,2022-01-31 04:56:40,broken clouds
245,Alizai,33.5383,70.3462,52.72,34,0,2.19,PK,2022-01-31 04:56:40,clear sky
246,Kirakira,-10.4544,161.9205,84.22,75,59,6.78,SB,2022-01-31 04:56:41,broken clouds
247,Longyearbyen,78.2186,15.6401,10.24,61,40,17.27,SJ,2022-01-31 04:56:41,light shower snow
248,Abha,18.2164,42.5053,51.62,87,0,6.91,SA,2022-01-31 04:56:41,clear sky
249,Maragogi,-9.0122,-35.2225,77.14,80,35,4.94,BR,2022-01-31 04:56:42,scattered clouds
250,Bethel,41.3712,-73.414,22.05,69,78,2.28,US,2022-01-31 04:56:42,broken clouds
251,Semey,50.4111,80.2275,8.82,78,0,4.47,KZ,2022-01-31 04:56:42,clear sky
252,Loandjili,-4.7561,11.8578,77.11,100,75,3.44,CG,2022-01-31 04:56:43,broken clouds
253,Cherskiy,68.75,161.3,-27.53,99,72,1.52,RU,2022-01-31 04:46:50,broken clouds
254,Hay River,60.8156,-115.7999,-5.82,77,40,8.05,CA,2022-01-31 04:56:43,light snow
255,Comodoro Rivadavia,-45.8667,-67.5,60.66,27,0,18.41,AR,2022-01-31 04:56:44,clear sky
256,Pullman,46.7313,-117.1796,39.7,70,100,6.78,US,2022-01-31 04:53:44,snow
257,Mahibadhoo,3.7833,72.9667,82.35,75,2,12.93,MV,2022-01-31 04:56:44,clear sky
258,Krasnogvardeyskiy,57.3793,62.3195,9.61,92,98,1.28,RU,2022-01-31 04:56:44,overcast clouds
259,Kaseda,31.4167,130.3167,52.84,49,6,15.23,JP,2022-01-31 04:56:45,clear sky
260,Letterkenny,54.95,-7.7333,41.4,70,94,19.26,IE,2022-01-31 04:56:22,overcast clouds
261,Say,13.1007,2.3689,66.76,14,24,11.18,NE,2022-01-31 04:56:45,few clouds
262,Kudahuvadhoo,2.6708,72.8944,82.27,74,6,13.04,MV,2022-01-31 04:56:46,clear sky
263,Husavik,66.0449,-17.3389,22.91,64,92,19.91,IS,2022-01-31 04:56:46,overcast clouds
264,Tiznit,29.5833,-9.5,60.13,39,78,16.02,MA,2022-01-31 04:56:46,broken clouds
265,Kamalapuram,14.5833,78.65,82.27,69,20,0.0,IN,2022-01-31 04:56:47,few clouds
266,Poso,-1.3959,120.7524,86.38,63,61,5.68,ID,2022-01-31 04:56:47,broken clouds
267,Ixtapa,20.7,-105.2,70.23,92,1,3.09,MX,2022-01-31 04:56:47,clear sky
268,Vaasa,63.096,21.6158,20.95,86,75,11.5,FI,2022-01-31 04:56:48,broken clouds
269,Berlevag,70.8578,29.0864,28.4,64,90,2.17,NO,2022-01-31 04:56:48,overcast clouds
270,Intipuca,13.1969,-88.0544,72.27,60,70,5.88,SV,2022-01-31 04:56:48,broken clouds
271,Luau,-10.7073,22.2247,62.71,96,94,1.77,AO,2022-01-31 04:57:49,overcast clouds
272,Arica,-18.475,-70.3042,68.23,77,0,2.3,CL,2022-01-31 04:57:49,clear sky
273,Batagay-Alyta,67.8006,130.4114,-17.79,95,83,1.66,RU,2022-01-31 04:57:49,broken clouds
274,Svetlyy,54.675,20.1347,35.65,71,95,19.15,RU,2022-01-31 04:57:50,overcast clouds
275,Alcudia,39.8532,3.1214,52.7,50,0,10.07,ES,2022-01-31 04:57:50,clear sky
276,Tecoanapa,16.5167,-98.75,77.99,77,71,4.14,MX,2022-01-31 04:57:50,broken clouds
277,Georgiyevka,43.0369,74.7114,24.84,93,100,4.47,KZ,2022-01-31 04:57:51,fog
278,Nyurba,63.2842,118.3319,-10.88,96,69,4.12,RU,2022-01-31 04:57:51,broken clouds
279,Cidreira,-30.1811,-50.2056,72.14,74,0,16.84,BR,2022-01-31 04:57:51,clear sky
280,Nhulunbuy,-12.2333,136.7667,83.01,83,75,20.71,AU,2022-01-31 04:57:52,broken clouds
281,Tambura,5.6,27.4667,66.15,24,78,5.17,SS,2022-01-31 04:57:52,broken clouds
282,Iranshahr,27.2025,60.6848,59.34,55,0,0.0,IR,2022-01-31 04:57:52,clear sky
283,Port Lincoln,-34.7333,135.8667,75.16,64,12,6.58,AU,2022-01-31 04:53:54,few clouds
284,Dzidzantun,21.25,-89.05,58.39,78,0,3.71,MX,2022-01-31 04:57:53,clear sky
285,Meadow Lake,34.8014,-106.5436,38.41,53,70,2.1,US,2022-01-31 04:57:53,broken clouds
286,Pascagoula,30.3658,-88.5561,52.02,92,2,9.06,US,2022-01-31 04:57:54,clear sky
287,Goderich,43.7501,-81.7165,25.92,73,96,8.05,CA,2022-01-31 04:57:54,overcast clouds
288,Luena,-11.7833,19.9167,62.37,86,100,4.38,AO,2022-01-31 04:57:54,overcast clouds
289,Pacific Grove,36.6177,-121.9166,52.66,88,75,1.99,US,2022-01-31 04:57:55,broken clouds
290,Zurrieq,35.8311,14.4742,55.96,82,40,14.97,MT,2022-01-31 04:57:55,scattered clouds
291,Mlowo,-9.0,32.9833,60.91,96,98,5.55,TZ,2022-01-31 04:57:55,overcast clouds
292,Orapa,-21.2833,25.3667,70.14,79,99,14.41,BW,2022-01-31 04:57:56,overcast clouds
293,Kwinana,-32.25,115.7667,86.34,48,47,14.94,AU,2022-01-31 04:57:04,scattered clouds
294,Kokopo,-4.352,152.2633,84.9,68,99,11.3,PG,2022-01-31 04:57:56,overcast clouds
295,Kapan,39.2075,46.4058,33.75,69,8,8.97,AM,2022-01-31 04:57:56,clear sky
296,Lavrentiya,65.5833,-171.0,-9.04,93,14,4.03,RU,2022-01-31 04:57:57,few clouds
297,Hailar,49.2,119.7,-4.83,89,47,4.32,CN,2022-01-31 04:56:31,scattered clouds
298,Padang,-0.9492,100.3543,84.25,63,82,4.81,ID,2022-01-31 04:57:57,broken clouds
299,Rodrigues Alves,-7.738,-72.6509,70.18,98,98,1.48,BR,2022-01-31 04:57:58,light rain
300,Stornoway,58.2093,-6.3865,39.16,75,75,7.0,GB,2022-01-31 04:57:58,broken clouds
301,Rabo De Peixe,37.8,-25.5833,57.27,95,20,18.41,PT,2022-01-31 04:57:58,few clouds
302,Biak,-0.9131,122.8766,87.49,57,81,8.46,ID,2022-01-31 04:57:59,broken clouds
303,Faya,18.3851,42.4509,51.91,65,4,5.48,SA,2022-01-31 04:57:59,clear sky
304,Wakkanai,45.4094,141.6739,19.38,63,75,19.57,JP,2022-01-31 04:57:59,broken clouds
305,Ossora,59.2353,163.0719,23.22,94,100,23.09,RU,2022-01-31 04:58:00,snow
306,Vila Franca Do Campo,37.7167,-25.4333,58.19,79,75,14.07,PT,2022-01-31 04:58:00,broken clouds
307,Belmonte,-15.8631,-38.8828,77.5,87,28,7.96,BR,2022-01-31 04:58:00,scattered clouds
308,Teya,60.3778,92.6267,8.31,92,99,2.98,RU,2022-01-31 04:58:01,overcast clouds
309,Vanavara,60.34,102.2797,-2.69,90,100,3.02,RU,2022-01-31 04:58:01,overcast clouds
310,Igarka,67.4667,86.5833,-6.77,95,100,10.6,RU,2022-01-31 04:58:01,overcast clouds
311,Hami,42.8,93.45,27.54,32,91,5.03,CN,2022-01-31 04:58:02,overcast clouds
312,Punta Alta,-38.8759,-62.0736,61.68,47,5,6.82,AR,2022-01-31 04:58:02,clear sky
313,San Lorenzo,-25.3333,-57.5333,74.59,64,0,0.0,PY,2022-01-31 04:58:02,clear sky
314,Ayagoz,47.9714,80.4392,12.52,95,99,1.86,KZ,2022-01-31 04:58:03,overcast clouds
315,Anchorage,61.2181,-149.9003,20.41,88,100,4.61,US,2022-01-31 04:57:25,mist
316,Bonao,18.9369,-70.4092,72.41,97,83,0.4,DO,2022-01-31 04:58:03,broken clouds
317,Bull Savanna,17.8868,-77.5902,69.48,82,43,6.96,JM,2022-01-31 04:58:04,scattered clouds
318,Ancud,-41.8697,-73.8203,46.42,81,15,4.47,CL,2022-01-31 04:59:04,few clouds
319,Srednekolymsk,67.45,153.6833,-30.59,100,97,4.12,RU,2022-01-31 04:59:04,overcast clouds
320,Champoton,19.35,-90.7167,64.09,76,0,7.23,MX,2022-01-31 04:59:05,clear sky
321,Teahupoo,-17.8333,-149.2667,76.96,78,73,15.99,PF,2022-01-31 04:59:05,broken clouds
322,Priyutnoye,46.1011,43.5072,31.5,88,97,11.65,RU,2022-01-31 04:59:05,light snow
323,Sao Jose Da Coroa Grande,-8.8978,-35.1478,77.5,81,38,4.97,BR,2022-01-31 04:59:06,scattered clouds
324,Toila,59.4236,27.5025,24.76,96,100,12.28,EE,2022-01-31 04:59:06,light snow
325,Jawala Mukhi,31.8833,76.3167,60.62,38,13,4.16,IN,2022-01-31 04:59:06,few clouds
326,Pouebo,-20.4,164.5667,81.82,72,99,4.59,NC,2022-01-31 04:59:07,overcast clouds
327,Sabha,27.0377,14.4283,41.97,61,0,5.28,LY,2022-01-31 04:59:07,clear sky
328,Houma,29.5958,-90.7195,51.01,94,3,4.81,US,2022-01-31 04:56:17,clear sky
329,Barth,54.3635,12.7249,39.09,68,100,7.47,DE,2022-01-31 04:59:07,overcast clouds
330,Pisco,-13.7,-76.2167,69.85,83,40,8.05,PE,2022-01-31 04:59:08,scattered clouds
331,Saint-Marc,19.1082,-72.6938,74.39,77,17,4.56,HT,2022-01-31 04:59:08,few clouds
332,Makokou,0.5738,12.8642,68.22,99,100,2.19,GA,2022-01-31 04:59:08,overcast clouds
333,Yulara,-25.2406,130.9889,84.04,65,100,12.66,AU,2022-01-31 04:59:09,overcast clouds
334,Raudeberg,61.9875,5.1352,32.86,69,100,1.99,NO,2022-01-31 04:59:09,overcast clouds
335,Cangucu,-31.395,-52.6756,64.45,94,2,4.23,BR,2022-01-31 04:59:09,clear sky
336,Alice Springs,-23.7,133.8833,76.55,94,75,5.75,AU,2022-01-31 04:57:33,light intensity shower rain
337,Nome,64.5011,-165.4064,-3.19,85,0,5.23,US,2022-01-31 04:57:44,clear sky
338,Sibolga,1.7427,98.7792,85.59,64,93,4.03,ID,2022-01-31 04:59:07,overcast clouds
339,Rawson,-43.3002,-65.1023,58.05,33,40,9.35,AR,2022-01-31 04:59:10,scattered clouds
340,Salalah,17.0151,54.0924,73.31,38,2,3.29,OM,2022-01-31 04:59:11,clear sky
341,Kvareli,41.9524,45.8151,35.1,58,27,5.21,GE,2022-01-31 04:59:11,scattered clouds
342,Whitehorse,60.7161,-135.0538,5.77,72,100,8.05,CA,2022-01-31 04:59:11,light snow
343,Cacequi,-29.8836,-54.825,72.01,68,71,7.36,BR,2022-01-31 04:59:12,broken clouds
344,Ballina,-28.8667,153.5667,87.98,74,40,13.8,AU,2022-01-31 04:59:12,scattered clouds
345,Broome,42.2506,-75.833,10.04,82,35,1.01,US,2022-01-31 04:59:12,scattered clouds
346,Gazanjyk,39.2446,55.5154,43.61,55,40,3.91,TM,2022-01-31 04:59:13,scattered clouds
347,Chapais,49.7834,-74.8492,-13.22,100,94,3.38,CA,2022-01-31 04:59:13,overcast clouds
348,Tuatapere,-46.1333,167.6833,65.28,79,96,7.0,NZ,2022-01-31 04:59:13,overcast clouds
349,Saint Anthony,45.0205,-93.218,14.95,82,0,1.01,US,2022-01-31 04:59:14,clear sky
350,Banting,2.8167,101.5,89.73,75,71,1.57,MY,2022-01-31 04:59:14,broken clouds
351,Ames,42.0347,-93.6199,19.08,90,0,4.0,US,2022-01-31 04:54:21,clear sky
352,Agadez,19.75,10.25,46.18,25,2,11.77,NE,2022-01-31 04:59:15,clear sky
353,Buala,-8.145,159.5921,83.8,74,100,3.76,SB,2022-01-31 04:58:43,light rain
354,Elko,41.0002,-115.5012,25.23,56,53,1.01,US,2022-01-31 04:59:15,broken clouds
355,San Patricio,28.017,-97.5169,64.27,80,100,10.92,US,2022-01-31 04:59:16,overcast clouds
356,Jalu,29.0331,21.5482,52.07,64,78,13.71,LY,2022-01-31 04:59:16,broken clouds
357,Gogrial,8.5332,28.1004,64.81,22,10,6.62,SS,2022-01-31 04:59:16,clear sky
358,Vila Do Maio,15.1333,-23.2167,70.59,76,100,16.73,CV,2022-01-31 04:59:17,overcast clouds
359,Camacha,33.0833,-16.3333,61.56,82,20,18.41,PT,2022-01-31 04:59:17,few clouds
360,Cuajinicuilapa,16.4667,-98.4167,74.25,87,15,3.11,MX,2022-01-31 04:59:17,few clouds
361,Miraflores,19.2167,-98.8083,60.87,72,17,3.98,MX,2022-01-31 04:59:18,few clouds
362,Katrineholm,58.9959,16.2072,31.73,73,2,5.41,SE,2022-01-31 05:00:27,clear sky
363,Bitung,1.4451,125.1824,90.45,65,48,15.32,ID,2022-01-31 05:00:30,scattered clouds
364,Sioux Lookout,50.1001,-91.917,12.58,96,100,4.9,CA,2022-01-31 05:00:35,light snow
365,Sabang,5.8933,95.3214,81.55,76,80,11.7,ID,2022-01-31 04:57:50,broken clouds
366,Kysyl-Syr,63.8986,122.7617,-14.85,96,56,4.76,RU,2022-01-31 05:00:40,broken clouds
367,Morant Bay,17.8815,-76.4093,68.67,86,65,9.75,JM,2022-01-31 05:00:42,broken clouds
368,San Andres,12.5847,-81.7006,78.22,77,10,20.18,CO,2022-01-31 05:00:41,clear sky
369,Kamaishi,39.2667,141.8833,32.63,48,95,16.73,JP,2022-01-31 05:00:42,overcast clouds
370,Santa Rosa Del Sur,7.9644,-74.0544,68.02,78,93,3.15,CO,2022-01-31 05:00:43,overcast clouds
371,Nantucket,41.2835,-70.0995,21.13,58,19,12.15,US,2022-01-31 04:59:01,few clouds
372,Ponta Delgada,37.7333,-25.6667,58.5,72,20,18.41,PT,2022-01-31 05:00:44,few clouds
373,Kangundo,-1.2979,37.3471,62.94,76,75,2.84,KE,2022-01-31 05:00:44,broken clouds
374,Olafsvik,64.8945,-23.7142,25.9,56,100,15.19,IS,2022-01-31 05:00:45,overcast clouds
375,Saint-Louis,16.3333,-15.0,76.26,14,98,10.25,SN,2022-01-31 05:00:45,overcast clouds
376,Pitea,65.3172,21.4794,1.49,91,10,6.6,SE,2022-01-31 05:00:46,clear sky
377,Paita,-5.0892,-81.1144,71.53,80,100,8.21,PE,2022-01-31 05:00:46,overcast clouds
378,San Jose,37.3394,-121.895,52.77,83,0,1.01,US,2022-01-31 05:00:01,clear sky
379,Kloulklubed,7.0419,134.2556,82.42,69,95,13.06,PW,2022-01-31 05:00:47,overcast clouds
380,Adre,13.4667,22.2,55.04,18,1,16.22,TD,2022-01-31 05:00:47,clear sky
381,Merrill,45.1805,-89.6835,9.32,87,0,0.0,US,2022-01-31 04:55:57,clear sky
382,Riyadh,24.6877,46.7219,53.65,40,0,6.91,SA,2022-01-31 04:59:27,clear sky
383,Sitka,57.0531,-135.33,27.16,89,33,5.08,US,2022-01-31 04:59:59,scattered clouds
384,Mazagao,-0.115,-51.2894,72.23,98,97,2.98,BR,2022-01-31 05:00:48,light rain
385,Khudumelapye,-23.8833,24.75,66.97,79,99,13.02,BW,2022-01-31 05:00:48,overcast clouds
386,Greeneville,36.1632,-82.831,33.94,68,1,0.0,US,2022-01-31 05:00:39,clear sky
387,Guerrero Negro,27.9769,-114.0611,59.97,69,68,10.4,MX,2022-01-31 05:00:49,broken clouds
388,Chino Valley,34.7575,-112.4538,46.71,46,0,1.01,US,2022-01-31 05:00:50,clear sky
389,Hostotipaquillo,21.0667,-104.0667,64.49,49,5,2.77,MX,2022-01-31 05:00:50,clear sky
390,Canguaretama,-6.38,-35.1289,77.63,83,15,8.08,BR,2022-01-31 05:00:50,few clouds
391,Akdepe,42.0551,59.3788,23.0,69,100,9.71,TM,2022-01-31 05:00:51,overcast clouds
392,Lavumisa,-27.31,31.892,72.37,87,94,2.24,SZ,2022-01-31 05:00:51,overcast clouds
393,College,64.8569,-147.8028,-17.41,69,5,2.59,US,2022-01-31 05:00:51,clear sky
394,Jhelum,32.9331,73.7264,59.4,42,3,1.25,PK,2022-01-31 05:00:52,clear sky
395,Alirajpur,22.3031,74.3546,74.03,20,0,5.26,IN,2022-01-31 05:00:52,clear sky
396,Sistranda,63.7256,8.834,30.9,73,100,12.24,NO,2022-01-31 05:00:53,overcast clouds
397,Gushi,34.6425,109.5843,38.98,26,0,6.8,CN,2022-01-31 05:00:53,clear sky
398,Washington,47.5001,-120.5015,35.74,95,100,3.22,US,2022-01-31 05:00:25,overcast clouds
399,Namatanai,-3.6667,152.4333,84.25,72,97,5.75,PG,2022-01-31 04:58:38,light rain
400,Kanniyakumari,8.0833,77.5667,83.08,69,13,18.12,IN,2022-01-31 05:00:54,few clouds
401,Nouadhibou,20.931,-17.0347,63.63,78,100,18.57,MR,2022-01-31 05:00:54,overcast clouds
402,Taoudenni,22.6783,-3.9836,65.68,14,83,14.7,ML,2022-01-31 05:00:37,broken clouds
403,Voh,-20.9667,164.7,82.85,67,98,6.49,NC,2022-01-31 05:00:55,overcast clouds
404,Denpasar,-8.65,115.2167,87.46,74,20,10.36,ID,2022-01-31 04:59:44,few clouds
405,Kaitangata,-46.2817,169.8464,63.61,77,81,4.32,NZ,2022-01-31 05:00:55,broken clouds
406,Garissa,-0.4536,39.6401,76.5,73,45,6.71,KE,2022-01-31 05:00:56,scattered clouds
407,Pangnirtung,66.1451,-65.7125,-22.79,85,73,6.13,CA,2022-01-31 04:57:49,broken clouds
408,Price,39.5994,-110.8107,31.41,55,1,5.12,US,2022-01-31 05:01:57,clear sky
409,Contai,21.7786,87.7536,73.45,44,32,5.03,IN,2022-01-31 05:01:57,scattered clouds
410,Oranjemund,-28.55,16.4333,65.23,91,94,3.76,NA,2022-01-31 05:01:57,overcast clouds
411,Gat,31.61,34.7642,47.39,100,98,5.77,IL,2022-01-31 04:59:55,overcast clouds
412,Half Moon Bay,37.4636,-122.4286,52.83,87,75,0.0,US,2022-01-31 04:59:25,broken clouds
413,Meulaboh,4.1363,96.1285,86.23,63,70,3.36,ID,2022-01-31 05:01:58,broken clouds
414,Mandera,3.9366,41.867,76.14,47,91,5.77,KE,2022-01-31 05:01:58,overcast clouds
415,Makinsk,52.6292,70.4169,12.09,96,98,13.73,KZ,2022-01-31 05:01:59,overcast clouds
416,Maniitsoq,65.4167,-52.9,8.92,65,100,17.43,GL,2022-01-31 05:01:59,overcast clouds
417,Necochea,-38.5473,-58.7368,61.16,56,100,10.6,AR,2022-01-31 05:01:59,overcast clouds
418,Catamarca,-28.4696,-65.7852,69.64,57,2,7.34,AR,2022-01-31 05:00:30,clear sky
419,Acaponeta,22.4964,-105.3594,65.43,68,97,2.62,MX,2022-01-31 05:02:00,overcast clouds
420,Pahalgam,34.0333,75.3333,33.08,72,100,4.74,IN,2022-01-31 05:02:00,overcast clouds
421,Salinas,36.6777,-121.6555,53.08,80,75,5.75,US,2022-01-31 04:59:58,broken clouds
422,Tommot,58.9564,126.2925,-1.86,90,100,7.65,RU,2022-01-31 05:02:01,overcast clouds
423,Petropavlovsk-Kamchatskiy,53.0452,158.6483,25.39,93,100,0.0,RU,2022-01-31 05:02:01,light shower snow
424,Adrar,20.5022,-10.0711,70.74,14,100,11.05,MR,2022-01-31 05:02:01,overcast clouds
425,Taltal,-25.4,-70.4833,64.31,81,11,1.68,CL,2022-01-31 05:02:02,few clouds
426,Gravdal,68.1214,13.5031,31.89,86,75,10.36,NO,2022-01-31 05:02:02,broken clouds
427,Tezu,27.9167,96.1667,68.61,30,4,4.56,IN,2022-01-31 05:02:03,clear sky
428,Kruisfontein,-34.0033,24.7314,66.88,83,90,4.41,ZA,2022-01-31 04:57:30,overcast clouds
429,Radhanpur,23.8333,71.6,72.84,64,0,6.44,IN,2022-01-31 05:02:03,clear sky
430,Lagos,6.5833,3.75,65.26,47,71,4.81,NG,2022-01-31 05:00:34,broken clouds
431,Pontes E Lacerda,-15.2261,-59.3353,71.28,98,100,5.99,BR,2022-01-31 05:02:04,light rain
432,Santarem,-2.4431,-54.7083,72.3,97,100,2.86,BR,2022-01-31 05:02:04,moderate rain
433,Galesong,-5.3166,119.3661,87.82,73,99,12.46,ID,2022-01-31 05:02:05,overcast clouds
434,Vaitape,-16.5167,-151.75,80.78,71,3,9.08,PF,2022-01-31 05:02:05,clear sky
435,Baghdad,33.3406,44.4009,39.11,75,0,2.3,IQ,2022-01-31 04:57:13,clear sky
436,Bandar,2.05,99.75,88.97,52,46,3.65,ID,2022-01-31 05:02:05,scattered clouds
437,Alamo,20.9167,-97.6833,64.15,87,89,1.79,MX,2022-01-31 05:02:06,overcast clouds
438,Krasnyy Kut,50.95,46.9667,26.6,96,100,12.82,RU,2022-01-31 05:02:06,overcast clouds
439,Vrangel,42.7297,133.0839,21.49,42,4,10.89,RU,2022-01-31 05:02:06,clear sky
440,Harlingen,26.1906,-97.6961,67.91,90,100,12.66,US,2022-01-31 04:59:54,overcast clouds
441,Pochutla,15.7432,-96.4661,75.81,81,3,3.24,MX,2022-01-31 05:02:07,clear sky
442,Peleduy,59.6289,112.7406,1.76,90,100,5.23,RU,2022-01-31 05:02:07,overcast clouds
443,Saint-Augustin,51.226,-58.6502,5.52,88,65,9.86,CA,2022-01-31 05:02:08,broken clouds
444,Port Keats,-14.25,129.55,84.2,75,74,25.68,AU,2022-01-31 05:02:08,light rain
445,Hamilton,39.1834,-84.5333,28.72,79,0,0.0,US,2022-01-31 05:01:59,clear sky
446,Maningrida,-12.0667,134.2667,78.67,90,100,18.07,AU,2022-01-31 05:02:08,light rain
447,Bernburg,51.8,11.7333,38.46,80,100,9.37,DE,2022-01-31 05:02:09,overcast clouds
448,Trairi,-3.2778,-39.2689,77.7,84,92,8.46,BR,2022-01-31 05:02:09,overcast clouds
449,Benghazi,32.1167,20.0667,56.84,64,52,17.85,LY,2022-01-31 05:02:09,broken clouds
450,Ribeira Brava,32.65,-17.0667,65.03,77,0,10.78,PT,2022-01-31 05:02:10,clear sky
451,Hambantota,6.1241,81.1185,80.94,89,20,4.61,LK,2022-01-31 05:02:10,light rain
452,Bonthe,7.5264,-12.505,74.37,93,1,2.66,SL,2022-01-31 05:02:10,clear sky
453,Bonoua,5.2741,-3.595,76.62,91,97,2.73,CI,2022-01-31 05:03:11,overcast clouds
454,Emerald,-23.5333,148.1667,94.33,35,71,7.29,AU,2022-01-31 05:03:11,broken clouds
455,Sudova Vyshnya,49.7889,23.3722,34.95,84,99,23.51,UA,2022-01-31 05:03:12,overcast clouds
456,Muros,42.7762,-9.0603,49.23,88,0,11.07,ES,2022-01-31 05:03:12,clear sky
457,Provideniya,64.3833,-173.3,6.4,80,77,12.68,RU,2022-01-31 05:03:12,broken clouds
458,Butembo,0.15,29.2833,62.65,65,100,0.85,CD,2022-01-31 05:03:13,overcast clouds
459,Lompoc,34.6391,-120.4579,54.37,92,28,6.35,US,2022-01-31 05:03:13,scattered clouds
460,Barcelona,41.3888,2.159,54.32,55,20,8.01,ES,2022-01-31 04:59:21,few clouds
461,Saint-Joseph,-21.3667,55.6167,82.76,80,67,13.06,RE,2022-01-31 05:03:14,light rain
462,Saquena,-4.6667,-73.5167,72.75,80,99,1.59,PE,2022-01-31 05:03:14,overcast clouds
463,Esik,43.3552,77.4525,17.02,54,86,2.26,KZ,2022-01-31 05:03:14,overcast clouds
464,Qasigiannguit,68.8193,-51.1922,-9.53,65,44,12.06,GL,2022-01-31 05:03:15,scattered clouds
465,Peniche,39.3558,-9.3811,51.75,85,4,10.13,PT,2022-01-31 05:03:12,clear sky
466,Ritchie,-29.038,24.6028,67.37,75,99,9.4,ZA,2022-01-31 05:03:15,overcast clouds
467,Tias,28.9611,-13.645,56.95,58,0,6.91,ES,2022-01-31 05:03:15,clear sky
468,Agarak,39.2068,46.5446,31.59,62,0,7.07,AM,2022-01-31 05:03:16,clear sky
469,Bartica,6.4,-58.6167,69.89,98,18,1.39,GY,2022-01-31 05:03:16,few clouds
470,Luanda,-8.8368,13.2343,75.65,89,98,7.9,AO,2022-01-31 05:00:44,light rain
471,Kiama,-34.6833,150.8667,83.25,72,27,5.99,AU,2022-01-31 05:03:17,light rain
472,Sale,34.0389,-6.8166,50.68,87,57,0.0,MA,2022-01-31 05:01:54,broken clouds
473,Yakeshi,49.2833,120.7333,-7.28,92,96,5.19,CN,2022-01-31 05:03:17,overcast clouds
474,Civita Castellana,42.2952,12.4092,46.76,94,9,1.63,IT,2022-01-31 05:03:18,clear sky
475,Marsaxlokk,35.8419,14.5431,57.07,82,40,14.97,MT,2022-01-31 05:03:18,scattered clouds
476,Krasnoselkup,65.7,82.4667,3.56,95,100,10.31,RU,2022-01-31 05:03:19,overcast clouds
477,Ouadda,8.0777,22.4007,60.84,23,10,4.94,CF,2022-01-31 05:03:19,clear sky
478,Neiafu,-18.65,-173.9833,81.25,72,100,11.45,TO,2022-01-31 05:01:13,light rain
479,Shieli,44.1667,66.75,27.52,74,100,3.87,KZ,2022-01-31 05:03:19,overcast clouds
480,Tolmezzo,46.4075,13.0175,37.85,57,37,3.96,IT,2022-01-31 05:03:20,scattered clouds
481,Atambua,-9.1061,124.8925,78.82,79,83,11.56,ID,2022-01-31 05:03:20,broken clouds
482,Altay,47.8667,88.1167,11.7,69,76,0.65,CN,2022-01-31 05:03:20,broken clouds
483,Port Blair,11.6667,92.75,80.64,61,40,9.22,IN,2022-01-31 05:03:21,haze
484,Iqaluit,63.7506,-68.5145,-25.31,74,23,5.01,CA,2022-01-31 05:03:21,few clouds
485,Tumbes,-3.5667,-80.4414,74.62,86,100,1.34,PE,2022-01-31 05:03:21,overcast clouds
486,Nanae,41.8833,140.6833,23.65,67,100,13.4,JP,2022-01-31 05:03:22,light snow
487,Red Bluff,40.1785,-122.2358,48.33,71,0,0.0,US,2022-01-31 05:03:22,clear sky
488,Oxelosund,58.6706,17.1015,25.18,80,0,8.05,SE,2022-01-31 05:03:22,clear sky
489,Plaeng Yao,13.5847,101.284,95.97,99,3,9.51,TH,2022-01-31 05:03:23,clear sky
490,Saulkrasti,57.2622,24.4147,28.35,93,100,19.55,LV,2022-01-31 05:03:23,light snow
491,Nouakchott,18.0858,-15.9785,69.73,42,100,12.12,MR,2022-01-31 05:02:08,overcast clouds
492,Vilyuysk,63.7553,121.6247,-14.13,96,70,4.38,RU,2022-01-31 05:03:24,broken clouds
493,Marawi,7.9986,124.2928,75.65,73,100,6.26,PH,2022-01-31 05:03:24,overcast clouds
494,Kizilskoye,52.7255,58.8937,17.37,96,99,9.22,RU,2022-01-31 05:03:24,overcast clouds
495,Santa Maria,-29.6842,-53.8069,67.23,83,15,3.51,BR,2022-01-31 05:02:25,few clouds
496,Oyama,36.3,139.8,51.04,20,1,13.62,JP,2022-01-31 05:03:25,clear sky
497,Knysna,-34.0363,23.0471,70.18,82,86,1.74,ZA,2022-01-31 05:04:25,overcast clouds
498,Monaragala,6.8714,81.3487,79.32,67,24,8.5,LK,2022-01-31 05:04:26,few clouds
499,Mezen,65.8522,44.24,6.64,97,100,3.87,RU,2022-01-31 05:04:26,overcast clouds
500,Darnah,32.767,22.6367,54.84,70,74,26.8,LY,2022-01-31 05:04:26,broken clouds
501,Vanderhoof,54.0166,-124.0198,23.5,79,70,8.86,CA,2022-01-31 05:04:27,broken clouds
502,Erenhot,43.6475,111.9767,8.47,70,94,10.71,CN,2022-01-31 05:03:13,overcast clouds
503,Waipawa,-41.4122,175.5153,64.29,67,14,10.09,NZ,2022-01-31 05:04:27,few clouds
504,Burnie,-41.0667,145.9167,76.95,66,44,6.67,AU,2022-01-31 05:03:41,scattered clouds
505,Zhezkazgan,47.8043,67.7144,19.38,93,100,4.47,KZ,2022-01-31 05:04:28,overcast clouds
506,Balabac,7.9868,117.0645,84.0,69,38,10.07,PH,2022-01-31 05:04:28,scattered clouds
507,Shestakovo,56.4915,103.96,5.85,90,91,2.53,RU,2022-01-31 05:04:28,overcast clouds
508,Nehe,48.4833,124.8333,7.92,80,12,4.14,CN,2022-01-31 05:04:29,few clouds
509,Pustoshka,56.3355,29.369,23.92,94,100,2.42,RU,2022-01-31 05:04:29,light snow
510,Saint-Pierre,-21.3393,55.4781,83.84,83,75,10.36,RE,2022-01-31 05:04:29,broken clouds
511,Bambari,5.768,20.6757,68.76,27,45,3.62,CF,2022-01-31 05:04:30,scattered clouds
512,Yicheng,31.3705,119.8703,44.04,49,97,2.48,CN,2022-01-31 05:04:30,overcast clouds
513,Portland,45.5234,-122.6762,45.84,90,100,1.01,US,2022-01-31 05:03:40,overcast clouds
514,Semme,46.1963,1.5007,41.41,96,78,3.74,FR,2022-01-31 05:04:30,broken clouds
515,Tura,25.5198,90.2201,67.5,36,1,4.0,IN,2022-01-31 05:04:31,clear sky
516,Wattegama,6.7989,81.4808,79.72,63,33,8.59,LK,2022-01-31 05:04:31,scattered clouds
517,Eskil,38.4017,33.4131,31.98,98,100,5.19,TR,2022-01-31 05:04:32,snow
518,Beloha,-25.1667,45.05,78.98,56,15,12.88,MG,2022-01-31 05:04:32,few clouds
519,Tshikapa,-6.4167,20.8,69.49,96,100,0.78,CD,2022-01-31 05:00:30,light rain
520,Kiomboi,-4.2667,34.3667,58.68,96,100,4.59,TZ,2022-01-31 05:04:32,moderate rain
521,Olavarria,-36.8927,-60.3225,55.47,71,22,10.74,AR,2022-01-31 05:04:33,few clouds
522,La Rioja,42.25,-2.5,33.12,84,0,5.26,ES,2022-01-31 05:04:33,clear sky
523,Pombia,45.653,8.6336,40.14,86,31,6.91,IT,2022-01-31 05:04:33,mist
524,Nkwerre,5.7556,7.1063,68.18,20,89,4.16,NG,2022-01-31 05:04:34,overcast clouds
525,Pulaski,34.7668,-92.3001,46.0,59,0,0.0,US,2022-01-31 05:04:34,clear sky
526,Teguldet,57.3064,88.1667,9.93,88,27,3.29,RU,2022-01-31 05:04:35,scattered clouds
527,Amot,59.5714,7.9877,13.5,94,100,1.74,NO,2022-01-31 05:04:35,overcast clouds
528,Santo Domingo,18.5001,-69.9886,73.08,91,74,3.02,DO,2022-01-31 05:04:35,broken clouds
529,Wegorzewo,54.2157,21.7372,29.84,86,100,18.45,PL,2022-01-31 05:04:36,overcast clouds
530,Rize,40.9044,40.8949,23.11,77,80,8.88,TR,2022-01-31 05:01:02,broken clouds
531,Seoul,37.5683,126.9778,40.39,33,0,3.44,KR,2022-01-31 05:00:00,clear sky
532,Aklavik,68.2191,-135.0107,4.23,81,100,12.44,CA,2022-01-31 05:01:56,overcast clouds
533,Banda Aceh,5.5577,95.3222,85.01,66,49,8.08,ID,2022-01-31 05:04:36,scattered clouds
534,Bonfim,3.0833,-59.95,76.77,67,69,3.74,BR,2022-01-31 05:04:37,broken clouds
535,Mitsamiouli,-11.3847,43.2844,81.66,73,13,3.36,KM,2022-01-31 05:04:37,few clouds
536,Gornyak,50.9942,81.4661,14.81,81,100,9.66,RU,2022-01-31 05:04:37,overcast clouds
537,Natal,-5.795,-35.2094,79.45,83,20,9.22,BR,2022-01-31 05:04:25,few clouds
538,Buraydah,26.326,43.975,59.7,45,79,13.35,SA,2022-01-31 05:04:38,broken clouds
539,Dumas,35.8656,-101.9732,45.03,34,0,10.36,US,2022-01-31 05:04:38,clear sky
540,Dorchester,33.1002,-80.3831,48.88,69,100,5.75,US,2022-01-31 05:04:38,overcast clouds
541,Kiunga,-6.1219,141.2906,91.38,50,93,1.97,PG,2022-01-31 05:05:39,overcast clouds
542,Camabatela,-8.1881,15.375,62.38,99,99,2.89,AO,2022-01-31 05:05:39,overcast clouds
543,Rundu,-17.9333,19.7667,65.59,94,100,5.26,NA,2022-01-31 05:05:39,overcast clouds
544,Ust-Tarka,55.5672,75.705,6.13,95,95,9.15,RU,2022-01-31 05:05:40,overcast clouds
545,Puerto Narino,-3.7703,-70.3831,75.15,79,100,2.3,CO,2022-01-31 05:05:40,overcast clouds
546,Kimbe,-5.5502,150.1429,83.61,75,97,4.97,PG,2022-01-31 05:05:40,light rain
547,Deputatskiy,69.3,139.9,-23.28,100,68,1.9,RU,2022-01-31 05:05:41,broken clouds
548,Sao Joao Da Barra,-21.6403,-41.0511,74.64,93,94,6.64,BR,2022-01-31 05:05:41,overcast clouds
549,Ambon,-3.6954,128.1814,91.54,52,40,20.71,ID,2022-01-31 05:02:49,scattered clouds
550,Lincoln,40.8,-96.667,39.34,61,0,4.0,US,2022-01-31 05:04:38,clear sky
551,Kungurtug,50.5994,97.5228,-3.15,86,19,1.36,RU,2022-01-31 05:05:42,few clouds
552,Bathsheba,13.2167,-59.5167,77.61,78,75,14.97,BB,2022-01-31 05:05:42,broken clouds
553,Polyarnyy,69.1989,33.4478,9.07,100,80,8.77,RU,2022-01-31 05:05:42,broken clouds
554,Copiapo,-27.3667,-70.3333,61.86,82,1,2.1,CL,2022-01-31 05:05:43,clear sky
555,Marsh Harbour,26.5412,-77.0636,63.12,60,86,10.31,BS,2022-01-31 05:05:43,overcast clouds
556,Pataskala,39.9956,-82.6743,18.75,80,0,0.0,US,2022-01-31 05:05:43,clear sky
557,Bonavista,48.6499,-53.1147,36.12,74,67,26.8,CA,2022-01-31 05:05:44,broken clouds
558,Narsaq,60.9167,-46.05,21.56,82,100,13.53,GL,2022-01-31 05:01:59,light snow
559,Anadyr,64.75,177.4833,-12.5,75,0,4.47,RU,2022-01-31 05:03:01,clear sky
560,Wenling,28.3669,121.36,50.92,55,71,9.13,CN,2022-01-31 05:05:44,broken clouds
561,Mukhen,48.1,136.1,4.15,80,46,4.36,RU,2022-01-31 05:05:45,scattered clouds
562,Ambilobe,-13.2,49.05,79.12,85,84,0.54,MG,2022-01-31 05:05:45,broken clouds
563,Kindu,-2.95,25.95,69.78,97,100,1.79,CD,2022-01-31 05:05:45,overcast clouds
564,Jinchang,38.4953,102.1739,24.42,28,84,8.99,CN,2022-01-31 05:05:46,broken clouds
565,Asuncion,-25.3007,-57.6359,74.64,64,0,3.44,PY,2022-01-31 05:05:46,clear sky
566,Nuuk,64.1835,-51.7216,3.81,79,100,13.27,GL,2022-01-31 05:05:47,overcast clouds
567,Poronaysk,49.2167,143.1167,18.16,69,100,9.42,RU,2022-01-31 05:05:47,overcast clouds
568,Axim,4.8699,-2.2405,75.74,87,31,3.18,GH,2022-01-31 05:05:47,scattered clouds
569,Kendari,-3.945,122.4989,88.99,59,96,6.4,ID,2022-01-31 05:05:47,light rain
570,Betafo,-19.8333,46.85,66.49,60,1,3.06,MG,2022-01-31 05:05:48,clear sky
571,Fort Nelson,58.8053,-122.7002,-3.75,96,100,5.93,CA,2022-01-31 05:05:48,overcast clouds
572,Yar-Sale,66.8333,70.8333,-4.99,99,90,7.47,RU,2022-01-31 05:05:48,overcast clouds
573,Puri,19.8,85.85,75.72,56,25,5.41,IN,2022-01-31 05:05:49,scattered clouds
574,Starkville,33.4504,-88.8184,37.06,78,28,3.0,US,2022-01-31 05:05:49,scattered clouds
575,Canchungo,12.0672,-16.0333,68.05,57,44,4.76,GW,2022-01-31 05:05:49,scattered clouds
576,Merauke,-8.4667,140.3333,85.3,65,100,8.55,ID,2022-01-31 05:05:50,moderate rain
577,Valparaiso,-33.0393,-71.6273,66.47,74,0,3.44,CL,2022-01-31 05:05:50,clear sky
578,Beaverlodge,55.2166,-119.4361,15.15,93,100,11.63,CA,2022-01-31 05:05:51,light snow
579,Polje,43.8806,18.0744,16.84,87,19,3.31,BA,2022-01-31 05:05:51,few clouds
580,Sal Rei,16.1833,-22.9167,68.56,75,100,18.95,CV,2022-01-31 05:05:51,overcast clouds
581,Tual,-5.6667,132.75,83.88,78,100,21.18,ID,2022-01-31 05:05:52,heavy intensity rain
582,Birao,10.2849,22.7882,59.05,21,8,7.07,CF,2022-01-31 05:02:14,clear sky
583,Prince Rupert,54.3161,-130.3201,33.89,100,100,9.22,CA,2022-01-31 05:03:39,light rain
584,Rumonge,-3.9736,29.4386,69.69,93,100,6.08,BI,2022-01-31 05:05:52,moderate rain
585,Foumban,5.7291,10.9001,59.09,39,78,2.55,CM,2022-01-31 05:05:53,broken clouds
586,White Rock,49.0164,-122.8026,44.01,91,91,7.0,CA,2022-01-31 05:06:53,overcast clouds
587,Kangaatsiaq,68.3065,-53.4641,-8.16,94,79,12.17,GL,2022-01-31 05:06:54,broken clouds
588,Srandakan,-7.9386,110.2506,76.73,68,82,8.97,ID,2022-01-31 05:06:54,broken clouds
589,Yarmouth,41.7057,-70.2286,21.97,78,0,4.61,US,2022-01-31 05:06:54,clear sky
590,Jacareacanga,-6.2222,-57.7528,70.61,99,100,0.98,BR,2022-01-31 05:06:55,light rain
591,Tiarei,-17.5333,-149.3333,82.42,76,81,14.94,PF,2022-01-31 05:06:55,broken clouds
592,Estelle,29.8458,-90.1067,53.01,77,0,0.0,US,2022-01-31 05:06:55,clear sky
593,Sisimiut,66.9395,-53.6735,1.38,75,91,9.1,GL,2022-01-31 05:06:56,overcast clouds
594,Ayan,56.45,138.1667,5.07,63,100,16.28,RU,2022-01-31 05:06:56,overcast clouds
595,Nieuw Amsterdam,5.8833,-55.0833,77.02,90,81,7.99,SR,2022-01-31 05:06:56,broken clouds
596,Zhigansk,66.7697,123.3711,-27.71,98,96,1.81,RU,2022-01-31 05:06:57,overcast clouds
597,Mancio Lima,-7.6142,-72.8958,70.12,98,97,1.07,BR,2022-01-31 05:06:57,overcast clouds
598,Gerash,27.6652,54.1371,56.86,41,2,1.45,IR,2022-01-31 05:06:57,clear sky
599,Palmer,42.1584,-72.3287,11.86,72,100,4.61,US,2022-01-31 05:06:58,overcast clouds
600,Ahipara,-35.1667,173.1667,74.12,65,100,14.12,NZ,2022-01-31 05:06:58,overcast clouds
601,Itarema,-2.9248,-39.9167,77.47,85,99,9.89,BR,2022-01-31 05:06:58,overcast clouds
602,Bubaque,11.2833,-15.8333,77.05,71,37,8.61,GW,2022-01-31 05:06:58,scattered clouds
603,Temir,49.1414,57.13,25.29,94,100,12.55,KZ,2022-01-31 05:06:59,light snow
604,Young,-32.6833,-57.6333,72.23,51,0,5.06,UY,2022-01-31 05:06:59,clear sky
605,Penzance,50.1186,-5.5371,47.77,68,84,27.6,GB,2022-01-31 05:06:59,broken clouds
606,Jiaocheng,24.6774,116.1389,49.68,64,95,2.98,CN,2022-01-31 05:07:00,overcast clouds
607,Cuamba,-14.8031,36.5372,70.03,89,16,0.96,MZ,2022-01-31 05:07:00,few clouds
608,Hvolsvollur,63.7533,-20.2243,27.81,78,98,8.59,IS,2022-01-31 05:07:00,overcast clouds
609,Sharjah,25.3573,55.4033,71.26,72,0,5.75,AE,2022-01-31 05:07:01,clear sky
610,Bongaree,-27.0797,153.1586,90.21,70,18,9.33,AU,2022-01-31 05:07:01,few clouds
611,Ust-Nera,64.5667,143.2,-3.24,99,100,1.92,RU,2022-01-31 05:07:01,overcast clouds
612,Ercis,39.0287,43.3586,29.8,94,99,3.98,TR,2022-01-31 05:07:02,overcast clouds
613,Neuquen,-38.9516,-68.0591,62.49,45,0,8.05,AR,2022-01-31 05:07:02,clear sky
614,Znamenskoye,57.1281,73.8282,11.12,94,99,7.2,RU,2022-01-31 05:07:02,overcast clouds
615,Shimoda,34.6667,138.95,46.11,70,96,9.08,JP,2022-01-31 05:07:03,overcast clouds
616,Ouesso,1.6136,16.0517,64.69,38,76,2.82,CG,2022-01-31 05:07:03,broken clouds
617,Marion,39.7684,-86.1555,26.98,79,75,4.61,US,2022-01-31 05:05:31,broken clouds
618,Kulhudhuffushi,6.6221,73.07,81.57,76,17,10.54,MV,2022-01-31 05:07:04,few clouds
619,Verona,45.4167,11.0333,39.31,66,43,2.33,IT,2022-01-31 05:07:04,scattered clouds
620,Masumbwe,-3.6333,32.1833,63.59,99,100,3.13,TZ,2022-01-31 05:07:04,moderate rain
621,Cockburn Town,21.4612,-71.1419,74.21,80,98,19.15,TC,2022-01-31 05:07:05,overcast clouds
622,Sovetskiy,61.3614,63.5842,2.1,95,100,3.11,RU,2022-01-31 05:07:05,overcast clouds
623,Kibre Mengist,5.8833,38.9833,59.13,34,83,2.64,ET,2022-01-31 05:07:05,broken clouds
624,Kharhial,20.2833,82.7667,74.77,20,2,4.59,IN,2022-01-31 05:07:06,clear sky
625,Carlsbad,33.1581,-117.3506,58.1,89,0,1.99,US,2022-01-31 05:04:51,clear sky
626,Porto De Moz,-1.7483,-52.2383,72.05,98,100,2.21,BR,2022-01-31 05:07:06,overcast clouds
627,Guayama,17.9841,-66.1138,73.96,92,6,3.0,PR,2022-01-31 05:07:07,clear sky
628,Calabozo,8.9242,-67.4293,75.99,59,59,7.16,VE,2022-01-31 05:07:07,broken clouds
629,Moron,-34.6534,-58.6198,75.02,65,37,3.0,AR,2022-01-31 05:07:07,light rain
630,Chumikan,54.7183,135.315,5.94,75,97,18.97,RU,2022-01-31 05:07:08,overcast clouds
631,Shingu,33.7333,135.9833,45.91,31,4,5.17,JP,2022-01-31 05:08:08,clear sky
632,Grand Island,40.925,-98.342,38.35,47,0,1.01,US,2022-01-31 05:08:08,clear sky
633,Bradley,35.1501,-84.8666,33.35,85,0,0.0,US,2022-01-31 05:08:09,clear sky
634,Eyl,7.9803,49.8164,77.36,70,94,18.07,SO,2022-01-31 05:08:09,overcast clouds
635,Jalingo,8.8833,11.3667,64.35,25,55,5.64,NG,2022-01-31 05:08:10,broken clouds
636,Warwick,41.7001,-71.4162,17.89,74,75,4.61,US,2022-01-31 05:04:21,broken clouds
637,Wewak,-3.5534,143.6268,79.61,82,100,16.78,PG,2022-01-31 05:08:10,overcast clouds
638,Newcastle,-32.9272,151.7765,84.65,65,20,14.97,AU,2022-01-31 05:05:17,few clouds
639,Nizwa,22.9333,57.5333,73.94,30,0,1.3,OM,2022-01-31 05:08:11,clear sky
640,Tuy Hoa,13.0833,109.3,78.28,77,71,7.83,VN,2022-01-31 05:08:11,broken clouds
641,Nyzhni Sirohozy,46.8484,34.3804,32.86,90,43,12.73,UA,2022-01-31 05:08:11,scattered clouds
642,Adjumani,3.3779,31.7909,74.23,28,77,1.86,UG,2022-01-31 05:08:12,broken clouds
643,Mogadishu,2.0371,45.3438,78.58,74,100,17.69,SO,2022-01-31 05:08:12,overcast clouds
644,Sorland,67.667,12.6934,32.07,83,100,18.1,NO,2022-01-31 05:08:12,snow
645,Mineiros,-17.5694,-52.5511,67.51,97,100,11.56,BR,2022-01-31 05:08:13,overcast clouds
646,Syava,58.0146,46.3222,10.85,97,87,6.29,RU,2022-01-31 05:08:13,overcast clouds
647,Nattam,10.2333,78.2333,82.85,67,34,6.51,IN,2022-01-31 05:08:14,scattered clouds
648,Voykove,45.3826,36.4372,39.69,84,93,10.63,UA,2022-01-31 05:08:14,overcast clouds
649,Alexandria,31.2156,29.9553,50.13,85,14,12.41,EG,2022-01-31 05:08:15,few clouds
650,Gigmoto,13.7796,124.39,78.58,87,75,12.5,PH,2022-01-31 05:08:15,broken clouds
651,Mackenzie,55.2999,-123.1698,28.62,80,100,8.05,CA,2022-01-31 05:08:15,overcast clouds
652,Wanning,18.8003,110.3967,69.94,87,100,10.07,CN,2022-01-31 05:08:16,overcast clouds
653,Calama,-22.4667,-68.9333,51.62,63,0,1.59,CL,2022-01-31 05:08:16,clear sky
654,Krasne,49.9145,24.6134,34.95,83,95,23.24,UA,2022-01-31 05:08:16,overcast clouds
655,Barabinsk,55.3571,78.357,15.85,94,99,10.76,RU,2022-01-31 05:08:17,overcast clouds
656,Mayumba,-3.432,10.6554,76.82,88,100,2.24,GA,2022-01-31 05:08:17,overcast clouds
657,Nabire,-3.3667,135.4833,85.1,59,98,6.02,ID,2022-01-31 05:08:17,overcast clouds
658,Coahuayana,18.7333,-103.6833,68.63,73,0,3.24,MX,2022-01-31 05:08:18,clear sky
659,Labytnangi,66.6572,66.4183,-9.11,100,99,0.92,RU,2022-01-31 05:08:18,overcast clouds
660,Wamba,8.9333,8.6,64.45,18,97,3.65,NG,2022-01-31 05:08:18,overcast clouds
661,Verkh-Usugli,52.7,115.1667,5.0,68,8,1.07,RU,2022-01-31 05:08:19,clear sky
662,Mahina,-17.5065,-149.489,82.17,61,75,4.61,PF,2022-01-31 05:08:19,broken clouds
663,Salym,60.0625,71.4789,7.95,94,100,6.29,RU,2022-01-31 05:08:19,overcast clouds
664,Silver City,32.7701,-108.2803,37.69,82,0,5.99,US,2022-01-31 05:08:20,clear sky
665,Kuching,1.55,110.3333,88.02,66,40,2.3,MY,2022-01-31 05:05:21,scattered clouds
666,Namtsy,62.7161,129.6658,-25.49,96,97,2.04,RU,2022-01-31 05:08:20,overcast clouds
667,Khani,41.9563,42.9566,31.57,78,98,8.46,GE,2022-01-31 05:08:20,overcast clouds
668,Vangaindrano,-23.35,47.6,77.47,70,0,1.99,MG,2022-01-31 05:08:21,clear sky
669,Capinopolis,-18.6819,-49.5697,69.51,96,100,7.36,BR,2022-01-31 05:08:21,overcast clouds
670,Manaus,-3.1019,-60.025,75.7,100,0,0.0,BR,2022-01-31 05:08:21,moderate rain
671,Cap Malheureux,-19.9842,57.6142,85.46,65,78,11.99,MU,2022-01-31 05:08:22,broken clouds
672,Aberdeen,57.1437,-2.0981,38.21,73,75,25.32,GB,2022-01-31 05:05:50,broken clouds
673,Hun,29.1268,15.9477,44.1,75,8,5.55,LY,2022-01-31 05:08:22,clear sky
674,Praya,14.9215,-23.5087,70.34,73,75,12.66,CV,2022-01-31 05:08:22,broken clouds
675,Verkhoyansk,67.5447,133.385,-30.96,99,84,1.19,RU,2022-01-31 05:08:23,broken clouds
676,Omboue,-1.5746,9.2618,77.45,87,100,2.64,GA,2022-01-31 05:09:23,overcast clouds
677,Las Palmas,28.4204,-14.0131,56.19,63,0,0.0,ES,2022-01-31 05:09:23,haze
678,Naze,28.3667,129.4833,55.26,55,63,16.71,JP,2022-01-31 05:05:34,broken clouds
679,Kagadi,0.9606,30.7967,69.89,45,100,2.01,UG,2022-01-31 05:09:24,overcast clouds
680,Ulaanbaatar,47.9077,106.8832,-2.07,71,35,2.24,MN,2022-01-31 05:09:24,scattered clouds
681,Acandi,8.5063,-77.2778,74.43,88,17,3.96,CO,2022-01-31 05:09:25,few clouds
682,Firovo,57.4814,33.7021,23.29,97,100,5.19,RU,2022-01-31 05:09:25,snow
683,Ati,13.2154,18.3353,56.91,20,5,10.13,TD,2022-01-31 05:09:25,clear sky
684,Lazaro Cardenas,17.9583,-102.2,73.76,74,0,3.94,MX,2022-01-31 05:09:26,clear sky
685,Murray Bridge,-35.1167,139.2667,100.83,31,38,4.63,AU,2022-01-31 05:09:26,scattered clouds
686,Kennewick,46.2113,-119.1372,43.45,78,100,1.99,US,2022-01-31 05:09:26,overcast clouds
687,Mae Sai,20.4335,99.8762,78.89,31,3,3.44,TH,2022-01-31 05:09:27,clear sky
688,Manbij,36.5281,37.9549,38.17,80,100,12.88,SY,2022-01-31 05:09:27,overcast clouds
689,Ahuimanu,21.4447,-157.8378,74.91,73,0,1.99,US,2022-01-31 05:09:27,clear sky
690,Ola,59.5833,151.2833,7.81,77,95,17.38,RU,2022-01-31 05:09:28,overcast clouds
691,San Felipe,10.3399,-68.7425,69.4,87,67,4.18,VE,2022-01-31 05:09:28,broken clouds
692,Inhambane,-23.865,35.3833,77.95,70,35,5.88,MZ,2022-01-31 05:08:04,scattered clouds
693,Oktyabrskiy,54.4815,53.471,14.74,97,88,4.97,RU,2022-01-31 05:09:28,overcast clouds
694,Bowen,-20.0167,148.2333,84.22,71,10,13.56,AU,2022-01-31 05:09:29,clear sky
695,Minab,27.1467,57.0801,62.1,71,2,4.74,IR,2022-01-31 05:09:29,clear sky
696,Ierapetra,35.01,25.7353,52.14,82,54,8.99,GR,2022-01-31 05:09:29,broken clouds
